{"cameraMode":{"drawMode":0,"name":"Shaded","section":"Shading Mode"},"sceneLighting":true,"audioPlay":false,"sceneViewState":{"showFog":true,"showMaterialUpdate":false,"showSkybox":true,"showFlares":true,"showImageEffects":true,"showParticleSystems":true},"in2DMode":false,"pivot":{"x":6.4178667068481449,"y":10.941516876220704,"z":24.350387573242189},"rotation":{"x":-0.016166692599654199,"y":-0.050347279757261279,"z":-0.0008202493190765381,"w":0.9986162781715393},"size":38.622802734375,"orthographic":false}