{"cameraMode":{"drawMode":0,"name":"Shaded","section":"Shading Mode"},"sceneLighting":true,"audioPlay":false,"sceneViewState":{"showFog":true,"showMaterialUpdate":false,"showSkybox":true,"showFlares":true,"showImageEffects":true,"showParticleSystems":true},"in2DMode":false,"pivot":{"x":514.1878051757813,"y":346.06585693359377,"z":491.9383239746094},"rotation":{"x":0.08589685708284378,"y":-0.873311460018158,"z":0.4499754309654236,"w":0.1662810742855072},"size":132.18531799316407,"orthographic":false}