{"cameraMode":{"drawMode":0,"name":"Shaded","section":"Shading Mode"},"sceneLighting":true,"audioPlay":false,"sceneViewState":{"showFog":true,"showMaterialUpdate":false,"showSkybox":true,"showFlares":true,"showImageEffects":true,"showParticleSystems":true},"in2DMode":false,"pivot":{"x":675.8123168945313,"y":623.2125854492188,"z":549.0294799804688},"rotation":{"x":0.03626437857747078,"y":-0.9634536504745483,"z":0.20262503623962403,"w":0.17181937396526338},"size":1337.3734130859375,"orthographic":false}