{"cameraMode":{"drawMode":0,"name":"Shaded","section":"Shading Mode"},"sceneLighting":true,"audioPlay":false,"sceneViewState":{"showFog":true,"showMaterialUpdate":false,"showSkybox":true,"showFlares":true,"showImageEffects":true,"showParticleSystems":true},"in2DMode":false,"pivot":{"x":1.6580448150634766,"y":0.44816160202026369,"z":5.583297252655029},"rotation":{"x":0.28857284784317019,"y":-0.6954692602157593,"z":0.36764606833457949,"w":0.5458085536956787},"size":52.00726318359375,"orthographic":false}