{"cameraMode":{"drawMode":0,"name":"Shaded","section":"Shading Mode"},"sceneLighting":true,"audioPlay":false,"sceneViewState":{"showFog":true,"showMaterialUpdate":false,"showSkybox":true,"showFlares":true,"showImageEffects":true,"showParticleSystems":true},"in2DMode":false,"pivot":{"x":544.0924072265625,"y":431.3057861328125,"z":541.8020629882813},"rotation":{"x":-0.2535775303840637,"y":-0.3310812711715698,"z":0.092630535364151,"w":-0.9043470025062561},"size":152.82386779785157,"orthographic":false}